{"cameraMode":{"drawMode":0,"name":"Shaded","section":"Shading Mode"},"sceneLighting":true,"audioPlay":false,"sceneViewState":{"showFog":true,"showMaterialUpdate":false,"showSkybox":true,"showFlares":true,"showImageEffects":true,"showParticleSystems":true},"in2DMode":false,"pivot":{"x":-5.320000171661377,"y":4.389999866485596,"z":-10.500000953674317},"rotation":{"x":-0.18344853818416596,"y":0.8158212900161743,"z":-0.40654894709587099,"w":-0.36813127994537356},"size":2.2088723182678224,"orthographic":false}