{"cameraMode":{"drawMode":0,"name":"Shaded","section":"Shading Mode"},"sceneLighting":true,"audioPlay":false,"sceneViewState":{"showFog":true,"showMaterialUpdate":false,"showSkybox":true,"showFlares":true,"showImageEffects":true,"showParticleSystems":true},"in2DMode":false,"pivot":{"x":1315.8665771484375,"y":76.89387512207031,"z":370.6585998535156},"rotation":{"x":0.000744337507057935,"y":-0.99356609582901,"z":0.11315445601940155,"w":0.006568059790879488},"size":7.718470096588135,"orthographic":true}