{"cameraMode":{"drawMode":0,"name":"Shaded","section":"Shading Mode"},"sceneLighting":true,"audioPlay":false,"sceneViewState":{"showFog":true,"showMaterialUpdate":false,"showSkybox":true,"showFlares":true,"showImageEffects":true,"showParticleSystems":true},"in2DMode":false,"pivot":{"x":1206.82421875,"y":97.736328125,"z":342.437255859375},"rotation":{"x":-0.05959571897983551,"y":-0.8873925805091858,"z":0.12001670151948929,"w":-0.44120505452156069},"size":97.86136627197266,"orthographic":true}