{"cameraMode":{"drawMode":0,"name":"Shaded","section":"Shading Mode"},"sceneLighting":true,"audioPlay":false,"sceneViewState":{"showFog":true,"showMaterialUpdate":false,"showSkybox":true,"showFlares":true,"showImageEffects":true,"showParticleSystems":true},"in2DMode":false,"pivot":{"x":1205.800048828125,"y":85.93000030517578,"z":344.8699951171875},"rotation":{"x":-0.008060893043875695,"y":-0.9918609857559204,"z":0.09641165286302567,"w":-0.08290307968854904},"size":7.071067810058594,"orthographic":true}